PDB,Baker,GPCRDB,GPCRDB_refined,UniprotAcc,UniprotName,Class,HGNC,gnaoAmp,gnaqAmp,gna15Amp,gnas2Amp,gnas13Amp,gnaoAct,gnaqAct,gna15Act,gnas2Act,gnas13Act
-,-,-,ClassA_gpr52_human-gnas2_human_6LI3_refined_2021-06-11_GPCRdb.pdb,Q9Y2T5,GPR52_HUMAN,A,GPR52,22.9958,0,83.1521,100,0,46.5171,0,62.2099,100,0
-,-,ClassA_sucr1_human_Active_6LFO_2021-06-10_GPCRDB.pdb,-,Q9BXA5,SUCR1_HUMAN,A,SUCNR1,100,0,0,0,0,100,0,0,0,0
-,Q96P68_model.active.crderr.pdb,-,-,Q96P68,OXGR1_HUMAN,A,OXGR1,?,?,?,?,?,?,?,?,?,?
-,-,-,ClassA_5ht1a_human-gnai1_human_7E2X_refined_2021-06-12_GPCRdb.pdb,P08908,5HT1A_HUMAN,A,HTR1A,100,0,49.38901018,0,0,100,0,0.693251696,0,0
-,-,-,ClassA_5ht1b_human-gnao_human_6G79_refined_2021-06-11_GPCRdb.pdb,P28222,5HT1B_HUMAN,A,HTR1B,?,?,?,?,?,?,?,?,?,?
-,-,-,ClassA_5ht1d_human-gnai1_human_7E32_refined_2021-06-11_GPCRdb.pdb,P28221,5HT1D_HUMAN,A,HTR1D,100,0,0,0,0,100,0,0,0,0
-,-,-,ClassA_5ht1e_human-gnai1_human_7E33_refined_2021-06-11_GPCRdb.pdb,P28566,5HT1E_HUMAN,A,HTR1E,?,?,?,?,?,?,?,?,?,?
-,P30939_model.active.crderr.pdb,-,-,P30939,5HT1F_HUMAN,A,HTR1F,100,0,0,0,0,100,0,0,0,0
-,-,-,ClassA_5ht2a_human-gnaq_human_6WHA_refined_2021-06-11_GPCRdb.pdb,P28223,5HT2A_HUMAN,A,HTR2A,?,?,?,?,?,?,?,?,?,?
-,-,-,ClassA_5ht2b_human_5TUD_refined_Active_2021-06-10_GPCRdb.pdb,P41595,5HT2B_HUMAN,A,HTR2B,0,100,0,0,0,0,100,0,0,0
-,-,-,ClassA_5ht2c_human_6BQG_refined_Active_2021-06-10_GPCRdb.pdb,P28335,5HT2C_HUMAN,A,HTR2C,?,?,?,?,?,?,?,?,?,?
-,Q13639_model.active.crderr.pdb,-,-,Q13639,5HT4R_HUMAN,A,HTR4,80.1873,0,68.5194,100,16.542,4.3093,0,9.43,100,1.6369
-,P47898_model.active.crderr.pdb,-,-,P47898,5HT5A_HUMAN,A,HTR5A,100,0,0,0,0,100,0,0,0,0
-,P50406_model.active.crderr.pdb,-,-,P50406,5HT6R_HUMAN,A,HTR6,?,?,?,?,?,?,?,?,?,?
-,P34969_model.active.crderr.pdb,-,-,P34969,5HT7R_HUMAN,A,HTR7,19.6335,0,0,100,0,21.834,0,0,100,0
-,-,-,ClassA_aa1r_human-gnai2_human_6D9H_refined_2021-06-11_GPCRdb.pdb,P30542,AA1R_HUMAN,A,ADORA1,100,0,55.241,0,0,100,0,13.068,0,0
-,-,ClassA_aa2ar_human_3QAK_refined_Active_2021-06-10_GPCRDB.pdb,-,P29274,AA2AR_HUMAN,A,ADORA2A,?,?,?,?,?,?,?,?,?,?
-,P29275_model.active.crderr.pdb,-,-,P29275,AA2BR_HUMAN,A,ADORA2B,78.6405,0,50.4646,100,60.4457,17.1208,0,100,78.2032,9.7265
-,-,ClassA_aa3r_human_Active_6D9H_2021-06-10_GPCRDB.pdb,-,P0DMS8,AA3R_HUMAN,A,ADORA3,?,?,?,?,?,?,?,?,?,?
-,-,ClassA_ada1a_human_Active_7BU7_2021-06-10_GPCRDB.pdb,-,P35348,ADA1A_HUMAN,A,ADRA1A,0,90.5663,100,11.554,0,0,100,28.8512,21.7271,0
-,-,ClassA_ada1b_human_Active_6K42_2021-06-10_GPCRDB.pdb,-,P35368,ADA1B_HUMAN,A,ADRA1B,?,?,?,?,?,?,?,?,?,?
-,-,ClassA_ada1d_human_Active_6K42_2021-06-10_GPCRDB.pdb,-,P25100,ADA1D_HUMAN,A,ADRA1D,0,51.5073,100,0,0,0,100,24.9813,0,0
-,-,ClassA_ada2a_human_Active_6K42_2021-06-10_GPCRDB.pdb,-,P08913,ADA2A_HUMAN,A,ADRA2A,100,0,58.814,0,0,100,0,0.4651,0,0
ada2b_human_6K42.pdb,-,-,-,P18089,ADA2B_HUMAN,A,ADRA2B,?,?,?,?,?,?,?,?,?,?
-,-,ClassA_ada2c_human_Active_6K42_2021-06-10_GPCRDB.pdb,-,P18825,ADA2C_HUMAN,A,ADRA2C,100,0,8.5106,0,0,100,0,0.1363,0,0
-,-,-,ClassA_adrb1_human_7BU7_refined_Active_2021-06-10_GPCRdb.pdb,P08588,ADRB1_HUMAN,A,ADRB1,?,?,?,?,?,?,?,?,?,?
-,-,-,ClassA_adrb2_human-gnas2_human_7DHI_refined_2021-06-12_GPCRdb.pdb,P07550,ADRB2_HUMAN,A,ADRB2,0,0,100,100.4955,0,0,0,11.0473,100,0
-,P13945_model.active.crderr.pdb,-,-,P13945,ADRB3_HUMAN,A,ADRB3,?,?,?,?,?,?,?,?,?,?
-,-,-,ClassA_drd1_human-gnas2_human_7JVP_refined_2021-06-11_GPCRdb.pdb,P21728,DRD1_HUMAN,A,DRD1,0,0,100,86.5846,0,0,0,17.7933,100,0
-,-,-,ClassA_drd2_human-gnai1_human_7JVR_refined_2021-06-11_GPCRdb.pdb,P14416,DRD2_HUMAN,A,DRD2,?,?,?,?,?,?,?,?,?,?
-,-,-,ClassA_drd3_human-gnai1_human_7CMV_refined_2021-06-11_GPCRdb.pdb,P35462,DRD3_HUMAN,A,DRD3,100,0,0,0,0,100,0,0,0,0
-,-,ClassA_drd4_human_Active_7CMV_2021-06-10_GPCRDB.pdb,-,P21917,DRD4_HUMAN,A,DRD4,?,?,?,?,?,?,?,?,?,?
-,P21918_model.active.crderr.pdb,-,-,P21918,DRD5_HUMAN,A,DRD5,80.8728,0,100,86.0526,0,14.4442,0,40.8134,100,0
-,-,-,ClassA_acm1_human-gna11_human_6OIJ_refined_2021-06-11_GPCRdb.pdb,P11229,ACM1_HUMAN,A,CHRM1,100,49.3001,93.6764,0,0,4.7514,100,54.7855,0,0
-,-,-,ClassA_acm2_human-gnao_human_6OIK_refined_2021-06-11_GPCRdb.pdb,P08172,ACM2_HUMAN,A,CHRM2,?,?,?,?,?,?,?,?,?,?
-,-,ClassA_acm3_human_Active_6OIJ_2021-06-10_GPCRDB.pdb,-,P20309,ACM3_HUMAN,A,CHRM3,100,34.451,52.5817,0,0,13.0711,100,49.4411,0,0
-,-,ClassA_acm4_human_Active_4MQT_2021-06-10_GPCRDB.pdb,-,P08173,ACM4_HUMAN,A,CHRM4,?,?,?,?,?,?,?,?,?,?
-,-,ClassA_acm5_human_Active_6OIJ_2021-06-10_GPCRDB.pdb,-,P08912,ACM5_HUMAN,A,CHRM5,100,64.7608,87.9899,0,0,5.5385,100,53.3383,0,0
-,-,-,ClassA_hrh1_human-gnaq_human_7DFL_refined_2021-06-11_GPCRdb.pdb,P35367,HRH1_HUMAN,A,HRH1,?,?,?,?,?,?,?,?,?,?
-,P25021_model.active.crderr.pdb,-,-,P25021,HRH2_HUMAN,A,HRH2,0,0,100,98.6172,0,0,0,33.3752,100,0
-,Q9Y5N1_model.active.crderr.pdb,-,-,Q9Y5N1,HRH3_HUMAN,A,HRH3,?,?,?,?,?,?,?,?,?,?
-,P47211_model.active.crderr.pdb,-,-,P47211,GALR1_HUMAN,A,GALR1,100,0,13.3159,0,0,100,0,0.1708,0,0
-,O60755_model.active.crderr.pdb,-,-,O60755,GALR3_HUMAN,A,GALR3,100,0,0,0,0,100,0,0,0,0
-,-,ClassA_mtr1a_human_Active_6K42_2021-06-10_GPCRDB.pdb,-,P48039,MTR1A_HUMAN,A,MTNR1A,100,0,60.9008,0,0,100,0,5.9442,0,0
-,-,ClassA_mtr1b_human_Active_7L1V_2021-06-10_GPCRDB.pdb,-,P49286,MTR1B_HUMAN,A,MTNR1B,?,?,?,?,?,?,?,?,?,?
-,-,-,ClassA_cnr1_human-gnai1_human_6KPG_refined_2021-06-11_GPCRdb.pdb,P21554,CNR1_HUMAN,A,CNR1,100,0,0,0,0,100,0,0,0,0
-,-,-,ClassA_oprm_human_Active_5C1M_2021-06-10_GPCRDB.pdb,P35372,OPRM_HUMAN,A,OPRM1,?,?,?,?,?,?,?,?,?,?
-,-,-,ClassA_oprd_human_6PT2_refined_Active_2021-06-10_GPCRdb.pdb,P41143,OPRD_HUMAN,A,OPRD1,?,?,?,?,?,?,?,?,?,?
-,-,-,ClassA_oprk_human_6B73_refined_Active_2021-06-10_GPCRdb.pdb,P41145,OPRK_HUMAN,A,OPRK1,100,0,0,0,0,100,0,0,0,0
-,P25101_model.active.crderr.pdb,-,-,P25101,EDNRA_HUMAN,A,EDNRA,100,43.2822,0,0,34.6691,100,40.4455,0,0,18.3375
-,-,ClassA_ednrb_human_Active_7L1V_2021-06-10_GPCRDB.pdb,-,P24530,EDNRB_HUMAN,A,EDNRB,?,?,?,?,?,?,?,?,?,?
-,P30550_model.active.crderr.pdb,-,-,P30550,GRPR_HUMAN,A,GRPR,39.9167,80.5507,0,0,100,1.7301,100,0,0,5.9811
-,-,ClassA_apj_human_Active_6DO1_2021-06-10_GPCRDB.pdb,-,P35414,APJ_HUMAN,A,APLNR,100,0,8.5889,0,0,100,0,0.3427,0,0
-,P32247_model.active.crderr.pdb,-,-,P32247,BRS3_HUMAN,A,BRS3,?,?,?,?,?,?,?,?,?,?
-,P37288_model.active.crderr.pdb,-,-,P37288,V1AR_HUMAN,A,AVPR1A,57.1659,100,54.8242,0,0,17.2839,100,7.8328,0,0
-,P47901_model.active.crderr.pdb,-,-,P47901,V1BR_HUMAN,A,AVPR1B,?,?,?,?,?,?,?,?,?,?
-,-,-,ClassA_v2r_human-gnas2_human_7KH0_refined_2021-06-11_GPCRdb.pdb,P30518,V2R_HUMAN,A,AVPR2,45.6961,53.9723,100,32.1664,19.7849,6.0633,11.4751,40.5904,100,4.5129
-,P30411_model.active.crderr.pdb,-,-,P30411,BKRB2_HUMAN,A,BDKRB2,?,?,?,?,?,?,?,?,?,?
-,Q01726_model.active.crderr.pdb,-,-,Q01726,MSHR_HUMAN,A,MC1R,?,?,?,?,?,?,?,?,?,?
-,P41968_model.active.crderr.pdb,-,-,P41968,MC3R_HUMAN,A,MC3R,?,?,?,?,?,?,?,?,?,?
-,-,-,ClassA_mc4r_human-gnas2_human_7AUE_refined_2021-06-11_GPCRdb.pdb,P32245,MC4R_HUMAN,A,MC4R,?,?,?,?,?,?,?,?,?,?
-,P33032_model.active.crderr.pdb,-,-,P33032,MC5R_HUMAN,A,MC5R,?,?,?,?,?,?,?,?,?,?
-,Q9GZQ6_model.active.crderr.pdb,-,-,Q9GZQ6,NPFF1_HUMAN,A,NPFFR1,?,?,?,?,?,?,?,?,?,?
-,-,ClassA_npy1r_human_Active_7L1V_2021-06-10_GPCRDB.pdb,-,P25929,NPY1R_HUMAN,A,NPY1R,100,0,0,0,0,100,0,0,0,0
-,-,ClassA_npy2r_human_Active_7L1V_2021-06-10_GPCRDB.pdb,-,P49146,NPY2R_HUMAN,A,NPY2R,?,?,?,?,?,?,?,?,?,?
-,P50391_model.active.crderr.pdb,-,-,P50391,NPY4R_HUMAN,A,NPY4R,100,0,0,0,0,100,0,0,0,0
-,Q15761_model.active.crderr.pdb,-,-,Q15761,NPY5R_HUMAN,A,NPY5R,?,?,?,?,?,?,?,?,?,?
-,-,ClassA_nk1r_human_Active_7MBX_2021-06-10_GPCRDB.pdb,-,P25103,NK1R_HUMAN,A,TACR1,95.3361,100,94.0832,0,96.1388,6.6804,100,3.6764,0,46.8026
-,P21452_model.active.crderr.pdb,-,-,P21452,NK2R_HUMAN,A,TACR2,?,?,?,?,?,?,?,?,?,?
-,P29371_model.active.crderr.pdb,-,-,P29371,NK3R_HUMAN,A,TACR3,77.6172,59.7911,89.7735,0,100,6.6096,100,15.3217,0,67.4825
-,-,ClassA_pe2r1_human_Active_7CX2_2021-06-10_GPCRDB.pdb,-,P34995,PE2R1_HUMAN,A,PTGER1,38.6439,67.8314,100,0,0,22.4702,100,67.1274,0,0
-,-,-,ClassA_pe2r2_human-gnas2_human_7CX2_refined_2021-06-12_GPCRdb.pdb,P43116,PE2R2_HUMAN,A,PTGER2,?,?,?,?,?,?,?,?,?,?
-,-,-,ClassA_pe2r3_human_6M9T_refined_Active_2021-06-10_GPCRdb.pdb,P43115,PE2R3_HUMAN,A,PTGER3,100,0,46.8753,0,44.0336,100,0,1.7085,0,4.3892
-,-,-,ClassA_pe2r4_human-gnas2_human_7D7M_refined_2021-06-11_GPCRdb.pdb,P35408,PE2R4_HUMAN,A,PTGER4,?,?,?,?,?,?,?,?,?,?
-,Q13258_model.active.crderr.pdb,-,-,Q13258,PD2R_HUMAN,A,PTGDR,0,0,100,93.2423,0,0,0,21.9252,100,0
-,-,ClassA_pd2r2_human_Active_6OMM_2021-06-10_GPCRDB.pdb,-,Q9Y5Y4,PD2R2_HUMAN,A,PTGDR2,?,?,?,?,?,?,?,?,?,?
-,-,ClassA_ta2r_human_Active_6AK3_2021-06-10_GPCRDB.pdb,-,P21731,TA2R_HUMAN,A,TBXA2R,0,50.6177,100,0,66.0042,0,43.5431,18.75,0,100
-,-,ClassA_ffar1_human_Active_7MBX_2021-06-10_GPCRDB.pdb,-,O14842,FFAR1_HUMAN,A,FFAR1,?,?,?,?,?,?,?,?,?,?
-,Q5NUL3_model.active.crderr.pdb,-,-,Q5NUL3,FFAR4_HUMAN,A,FFAR4,?,?,?,?,?,?,?,?,?,?
-,-,ClassA_lpar1_human_Active_6N4B_2021-06-10_GPCRDB.pdb,-,Q92633,LPAR1_HUMAN,A,LPAR1,?,?,?,?,?,?,?,?,?,?
-,-,ClassA_lpar2_human_Active_7AUE_2021-06-10_GPCRDB.pdb,-,Q9HBW0,LPAR2_HUMAN,A,LPAR2,?,?,?,?,?,?,?,?,?,?
-,Q9UBY5_model.active.crderr.pdb,-,-,Q9UBY5,LPAR3_HUMAN,A,LPAR3,?,?,?,?,?,?,?,?,?,?
-,-,-,ClassA_ntr1_human-gnai1_human_6OS9_refined_2021-06-11_GPCRdb.pdb,P30989,NTR1_HUMAN,A,NTSR1,?,?,?,?,?,?,?,?,?,?
-,-,ClassA_ox1r_human_Active_7L1V_2021-06-10_GPCRDB.pdb,-,O43613,OX1R_HUMAN,A,HCRTR1,100,78.5109,19.9654,0,64.802,29.644,100,2.8033,0,23.1033
-,-,-,ClassA_ox2r_human-gnas2_human_7L1V_refined_2021-06-11_GPCRdb.pdb,O43614,OX2R_HUMAN,A,HCRTR2,?,?,?,?,?,?,?,?,?,?
-,-,ClassA_oxyr_human_Active_7KH0_2021-06-10_GPCRDB.pdb,-,P30559,OXYR_HUMAN,A,OXTR,33.0576,93.3367,100,0,0,13.2492,100,17.4371,0,0
-,-,-,ClassA_cckar_human-gnaq_human_7MBY_refined_2021-06-11_GPCRdb.pdb,P32238,CCKAR_HUMAN,A,CCKAR,100,60.40676546,71.23496621,20.68350775,66.33770428,78.48753639,100,14.37097863,4.717851885,17.94538082
-,P32239_model.active.crderr.pdb,-,-,P32239,GASR_HUMAN,A,CCKBR,?,?,?,?,?,?,?,?,?,?
-,-,ClassA_cxcr4_human_Active_6WWZ_2021-06-10_GPCRDB.pdb,-,P61073,CXCR4_HUMAN,A,CXCR4,100,0,9.7228,0,0,100,0,6.8368,0,0
-,P30872_model.active.crderr.pdb,-,-,P30872,SSR1_HUMAN,A,SSTR1,100,0,0,0,0,100,0,0,0,0
-,P30874_model.active.crderr.pdb,-,-,P30874,SSR2_HUMAN,A,SSTR2,?,?,?,?,?,?,?,?,?,?
-,P32745_model.active.crderr.pdb,-,-,P32745,SSR3_HUMAN,A,SSTR3,100,0,45.2284,0,0,100,0,1.7448,0,0
-,P31391_model.active.crderr.pdb,-,-,P31391,SSR4_HUMAN,A,SSTR4,?,?,?,?,?,?,?,?,?,?
-,P35346_model.active.crderr.pdb,-,-,P35346,SSR5_HUMAN,A,SSTR5,100,0,50.7787,0,0,100,0,1.0089,0,0
-,Q969F8_model.active.crderr.pdb,-,-,Q969F8,KISSR_HUMAN,A,KISS1R,0,100.6662,100,0,0,0,100,29.4516,0,0
glr_human_6WPW.pdb,-,-,-,P47871,GLR_HUMAN,B,GCGR,?,?,?,?,?,?,?,?,?,?
glp1r_human_6X19.pdb,-,-,-,P43220,GLP1R_HUMAN,B,GLP1R,?,?,?,?,?,?,?,?,?,?
glp2r_human_7D68.pdb,-,-,-,O95838,GLP2R_HUMAN,B,GLP2R,?,?,?,?,?,?,?,?,?,?
sctr_human_6WZG.pdb,-,-,-,P47872,SCTR_HUMAN,B,SCTR,?,?,?,?,?,?,?,?,?,?
calcr_human_6NIY.pdb,-,-,-,P30988,CALCR_HUMAN,B,CALCR,?,?,?,?,?,?,?,?,?,?
pth1r_human_6NBI.pdb,-,-,-,Q03431,PTH1R_HUMAN,B,PTH1R,?,?,?,?,?,?,?,?,?,?
-,P49190_model.active.crderr.pdb,-,-,P49190,PTH2R_HUMAN,B,PTH2R,?,?,?,?,?,?,?,?,?,?
vipr1_human_6VN7.pdb,-,-,-,P32241,VIPR1_HUMAN,B,VIPR1,?,?,?,?,?,?,?,?,?,?
-,P41587_model.active.crderr.pdb,-,-,P41587,VIPR2_HUMAN,B,VIPR2,?,?,?,?,?,?,?,?,?,?
pacr_human_6P9Y.pdb,-,-,-,P41586,PACR_HUMAN,B,PACAPR,?,?,?,?,?,?,?,?,?,?
-,Q14416_model.active.crderr.pdb,-,-,Q14416,GRM2_HUMAN,C,GRM2,?,?,?,?,?,?,?,?,?,?
-,Q14832_model.active.crderr.pdb,-,-,Q14832,GRM3_HUMAN,C,GRM3,?,?,?,?,?,?,?,?,?,?
-,Q14833_model.active.crderr.pdb,-,-,Q14833,GRM4_HUMAN,C,GRM4,?,?,?,?,?,?,?,?,?,?
-,O15303_model.active.crderr.pdb,-,-,O15303,GRM6_HUMAN,C,GRM6,?,?,?,?,?,?,?,?,?,?
-,Q14831_model.active.crderr.pdb,-,-,Q14831,GRM7_HUMAN,C,GRM7,?,?,?,?,?,?,?,?,?,?
-,O00222_model.active.crderr.pdb,-,-,O00222,GRM8_HUMAN,C,GRM8,?,?,?,?,?,?,?,?,?,?
gabr1_human_6W2Y.pdb,-,-,-,Q9UBS5,GABR1_HUMAN,C,GABBR1,?,?,?,?,?,?,?,?,?,?
